{"cameraMode":{"drawMode":0,"name":"Shaded","section":"Shading Mode"},"sceneLighting":false,"audioPlay":false,"sceneViewState":{"showFog":true,"showMaterialUpdate":false,"showSkybox":false,"showFlares":true,"showImageEffects":true,"showParticleSystems":true},"in2DMode":false,"pivot":{"x":5.631278038024902,"y":-0.10575107485055924,"z":-3.8956329822540285},"rotation":{"x":0.004461942706257105,"y":0.9905813932418823,"z":-0.13274110853672028,"w":0.03329719975590706},"size":4.856507301330566,"orthographic":false}