{"cameraMode":{"drawMode":0,"name":"Shaded","section":"Shading Mode"},"sceneLighting":false,"audioPlay":false,"sceneViewState":{"showFog":true,"showMaterialUpdate":false,"showSkybox":true,"showFlares":true,"showImageEffects":true,"showParticleSystems":true},"in2DMode":false,"pivot":{"x":-0.0044999998062849049,"y":1.0110000371932984,"z":0.017000000923871995},"rotation":{"x":0.0640544667840004,"y":0.9152113199234009,"z":-0.16116641461849214,"w":0.3637453317642212},"size":3.3597869873046877,"orthographic":false}