{"cameraMode":{"drawMode":0,"name":"Shaded","section":"Shading Mode"},"sceneLighting":false,"audioPlay":false,"sceneViewState":{"showFog":true,"showMaterialUpdate":false,"showSkybox":true,"showFlares":true,"showImageEffects":true,"showParticleSystems":true},"in2DMode":false,"pivot":{"x":9.0,"y":0.8500000238418579,"z":-0.8100000023841858},"rotation":{"x":-0.009301352314651013,"y":0.9837577939033508,"z":-0.05348021909594536,"w":-0.17109668254852296},"size":3.283458709716797,"orthographic":false}