{"cameraMode":{"drawMode":0,"name":"Shaded","section":"Shading Mode"},"sceneLighting":false,"audioPlay":false,"sceneViewState":{"showFog":true,"showMaterialUpdate":false,"showSkybox":true,"showFlares":true,"showImageEffects":true,"showParticleSystems":true},"in2DMode":false,"pivot":{"x":3.390000104904175,"y":0.8500000238418579,"z":-0.8100000023841858},"rotation":{"x":0.008322834968566895,"y":0.9819639921188355,"z":-0.04452354833483696,"w":0.1835622936487198},"size":3.1132140159606935,"orthographic":false}