{"cameraMode":{"drawMode":0,"name":"Shaded","section":"Shading Mode"},"sceneLighting":true,"audioPlay":false,"sceneViewState":{"showFog":true,"showMaterialUpdate":false,"showSkybox":true,"showFlares":true,"showImageEffects":true,"showParticleSystems":true},"in2DMode":false,"pivot":{"x":568.8995971679688,"y":933.5363159179688,"z":119.3582763671875},"rotation":{"x":0.03029382973909378,"y":-0.028487104922533037,"z":0.0008636486018076539,"w":0.9991346597671509},"size":1645.1131591796875,"orthographic":false}